{
  "Id": 1,
  "Name": "Workspace",
  "Projects": [
    {
      "Id": 1,
      "Name": "Mini-Huly",
      "KeyPrefix": "HULY",
      "NextIssueNumber": 4,
      "Issues": [
        {
          "$type": "story",
          "StoryPoints": 8,
          "Id": 1,
          "Key": "HULY-1",
          "Title": "Logowanie uzytkownika",
          "Description": null,
          "Status": 3,
          "Priority": 1,
          "Assignee": "Jan",
          "SprintId": 1,
          "CreatedAt": "2026-01-31T08:06:27.0715489+01:00",
          "UpdatedAt": "2026-01-31T08:07:48.8985944+01:00"
        },
        {
          "$type": "bug",
          "Severity": 2,
          "Id": 2,
          "Key": "HULY-2",
          "Title": "B\u0142\u0105d responsywno\u015Bci",
          "Description": null,
          "Status": 1,
          "Priority": 1,
          "Assignee": "Jan",
          "SprintId": 1,
          "CreatedAt": "2026-01-31T08:06:48.0346585+01:00",
          "UpdatedAt": "2026-01-31T08:07:41.201634+01:00"
        },
        {
          "$type": "task",
          "EstimatedHours": 3,
          "Id": 3,
          "Key": "HULY-3",
          "Title": "Poprawi\u0107 UI",
          "Description": null,
          "Status": 2,
          "Priority": 2,
          "Assignee": "Hubert",
          "SprintId": 1,
          "CreatedAt": "2026-01-31T08:07:11.1381938+01:00",
          "UpdatedAt": "2026-01-31T08:07:46.6751538+01:00"
        }
      ],
      "Sprints": [
        {
          "Id": 1,
          "Name": "Sprint 1",
          "StartDate": "2026-01-31T00:00:00+01:00",
          "EndDate": "2026-02-14T00:00:00+01:00",
          "State": 2,
          "IssueIds": [
            3,
            2,
            1
          ]
        }
      ],
      "Activity": [
        {
          "At": "2026-01-31T08:08:01.4464685+01:00",
          "Message": "Zamkni\u0119to sprint: Sprint 1"
        },
        {
          "At": "2026-01-31T08:07:59.9542915+01:00",
          "Message": "Uruchomiono sprint ID=1"
        },
        {
          "At": "2026-01-31T08:07:48.898628+01:00",
          "Message": "Zmieniono status HULY-1: InProgress \u2192 Done"
        },
        {
          "At": "2026-01-31T08:07:46.675165+01:00",
          "Message": "Zmieniono status HULY-3: Todo \u2192 InProgress"
        },
        {
          "At": "2026-01-31T08:07:42.4742041+01:00",
          "Message": "Zmieniono status HULY-3: Backlog \u2192 Todo"
        },
        {
          "At": "2026-01-31T08:07:41.2016488+01:00",
          "Message": "Zmieniono status HULY-2: Backlog \u2192 Todo"
        },
        {
          "At": "2026-01-31T08:07:39.8812164+01:00",
          "Message": "Zmieniono status HULY-1: Todo \u2192 InProgress"
        },
        {
          "At": "2026-01-31T08:07:36.6031094+01:00",
          "Message": "Zmieniono status HULY-1: Backlog \u2192 Todo"
        },
        {
          "At": "2026-01-31T08:07:32.1673116+01:00",
          "Message": "Dodano HULY-1 do sprintu: Sprint 1"
        },
        {
          "At": "2026-01-31T08:07:31.2019509+01:00",
          "Message": "Dodano HULY-2 do sprintu: Sprint 1"
        },
        {
          "At": "2026-01-31T08:07:30.4172955+01:00",
          "Message": "Dodano HULY-3 do sprintu: Sprint 1"
        },
        {
          "At": "2026-01-31T08:07:24.5908736+01:00",
          "Message": "Dodano sprint: Sprint 1"
        },
        {
          "At": "2026-01-31T08:07:11.1383647+01:00",
          "Message": "Dodano Task HULY-3: Poprawi\u0107 UI"
        },
        {
          "At": "2026-01-31T08:06:48.0383157+01:00",
          "Message": "Dodano Bug HULY-2: B\u0142\u0105d responsywno\u015Bci"
        },
        {
          "At": "2026-01-31T08:06:27.0726753+01:00",
          "Message": "Dodano Story HULY-1: Logowanie uzytkownika"
        }
      ]
    }
  ]
}