{
  "Id": 1,
  "Name": "Workspace",
  "Projects": [
    {
      "Id": 1,
      "Name": "Mini-Huly",
      "KeyPrefix": "HULY",
      "NextIssueNumber": 6,
      "Issues": [
        {
          "$type": "story",
          "StoryPoints": 1,
          "Id": 1,
          "Key": "HULY-1",
          "Title": "",
          "Description": null,
          "Status": 0,
          "Priority": 1,
          "Assignee": null,
          "SprintId": null,
          "CreatedAt": "2026-01-19T22:16:28.6257006+01:00",
          "UpdatedAt": "2026-01-30T20:36:48.5994615+01:00"
        },
        {
          "$type": "bug",
          "Severity": 1,
          "Id": 2,
          "Key": "HULY-2",
          "Title": "",
          "Description": null,
          "Status": 0,
          "Priority": 1,
          "Assignee": null,
          "SprintId": null,
          "CreatedAt": "2026-01-19T22:25:09.8613233+01:00",
          "UpdatedAt": "2026-01-30T20:36:48.616211+01:00"
        },
        {
          "$type": "task",
          "EstimatedHours": 1,
          "Id": 3,
          "Key": "HULY-3",
          "Title": "",
          "Description": null,
          "Status": 0,
          "Priority": 1,
          "Assignee": null,
          "SprintId": null,
          "CreatedAt": "2026-01-19T22:25:16.7677628+01:00",
          "UpdatedAt": "2026-01-30T20:36:48.6215632+01:00"
        },
        {
          "$type": "task",
          "EstimatedHours": 1,
          "Id": 4,
          "Key": "HULY-4",
          "Title": "",
          "Description": null,
          "Status": 0,
          "Priority": 1,
          "Assignee": null,
          "SprintId": null,
          "CreatedAt": "2026-01-19T22:25:24.3611124+01:00",
          "UpdatedAt": "2026-01-30T20:36:48.6217211+01:00"
        },
        {
          "$type": "story",
          "StoryPoints": 1,
          "Id": 5,
          "Key": "HULY-5",
          "Title": "",
          "Description": null,
          "Status": 0,
          "Priority": 1,
          "Assignee": null,
          "SprintId": null,
          "CreatedAt": "2026-01-20T14:15:43.4898528+01:00",
          "UpdatedAt": "2026-01-30T20:36:48.6217515+01:00"
        }
      ],
      "Sprints": [
        {
          "Id": 1,
          "Name": "Kurwa sprincior",
          "StartDate": "2026-01-19T00:00:00+01:00",
          "EndDate": "2026-02-02T00:00:00+01:00",
          "State": 2,
          "IssueIds": [
            1
          ]
        },
        {
          "Id": 2,
          "Name": "sprincior",
          "StartDate": "2026-01-19T00:00:00+01:00",
          "EndDate": "2026-02-02T00:00:00+01:00",
          "State": 2,
          "IssueIds": [
            2,
            3,
            4
          ]
        },
        {
          "Id": 3,
          "Name": "Sprint 3",
          "StartDate": "2026-02-02T00:00:00",
          "EndDate": "2026-02-16T00:00:00",
          "State": 2,
          "IssueIds": []
        }
      ],
      "Activity": [
        {
          "At": "2026-01-30T20:54:32.1736785+01:00",
          "Message": "Zamkni\u0119to sprint: Sprint 3"
        },
        {
          "At": "2026-01-30T20:54:31.6889854+01:00",
          "Message": "Zamkni\u0119to sprint: sprincior"
        },
        {
          "At": "2026-01-30T20:54:30.8416482+01:00",
          "Message": "Zamkni\u0119to sprint: Kurwa sprincior"
        },
        {
          "At": "2026-01-30T20:54:05.802942+01:00",
          "Message": "Zamkni\u0119to sprint: Kurwa sprincior"
        },
        {
          "At": "2026-01-30T13:55:48.8278213+01:00",
          "Message": "Usuni\u0119to issue ze sprintu: HULY-2"
        },
        {
          "At": "2026-01-30T13:55:48.1757897+01:00",
          "Message": "Usuni\u0119to issue ze sprintu: HULY-1"
        },
        {
          "At": "2026-01-30T13:55:47.8031185+01:00",
          "Message": "Usuni\u0119to issue ze sprintu: HULY-4"
        },
        {
          "At": "2026-01-30T13:55:47.6417443+01:00",
          "Message": "Usuni\u0119to issue ze sprintu: HULY-2"
        },
        {
          "At": "2026-01-30T13:55:46.46727+01:00",
          "Message": "Usuni\u0119to issue ze sprintu: HULY-1"
        },
        {
          "At": "2026-01-30T13:55:45.8823289+01:00",
          "Message": "Usuni\u0119to issue ze sprintu: HULY-4"
        },
        {
          "At": "2026-01-30T13:55:45.448621+01:00",
          "Message": "Usuni\u0119to issue ze sprintu: HULY-2"
        },
        {
          "At": "2026-01-30T13:55:45.0360828+01:00",
          "Message": "Usuni\u0119to issue ze sprintu: HULY-1"
        },
        {
          "At": "2026-01-30T13:55:44.6023184+01:00",
          "Message": "Usuni\u0119to issue ze sprintu: HULY-4"
        },
        {
          "At": "2026-01-30T13:55:44.1504259+01:00",
          "Message": "Usuni\u0119to issue ze sprintu: HULY-2"
        },
        {
          "At": "2026-01-30T13:55:43.6451913+01:00",
          "Message": "Usuni\u0119to issue ze sprintu: HULY-1"
        },
        {
          "At": "2026-01-30T13:55:42.8635334+01:00",
          "Message": "Usuni\u0119to issue ze sprintu: HULY-4"
        },
        {
          "At": "2026-01-30T13:55:41.8753878+01:00",
          "Message": "Usuni\u0119to issue ze sprintu: HULY-2"
        },
        {
          "At": "2026-01-30T13:55:41.1591156+01:00",
          "Message": "Usuni\u0119to issue ze sprintu: HULY-1"
        },
        {
          "At": "2026-01-30T13:55:33.3038803+01:00",
          "Message": "Usuni\u0119to issue ze sprintu: HULY-1"
        },
        {
          "At": "2026-01-30T13:55:32.6515441+01:00",
          "Message": "Usuni\u0119to issue ze sprintu: HULY-2"
        },
        {
          "At": "2026-01-30T13:55:31.8605697+01:00",
          "Message": "Usuni\u0119to issue ze sprintu: HULY-4"
        },
        {
          "At": "2026-01-30T13:55:30.3103643+01:00",
          "Message": "Usuni\u0119to issue ze sprintu: HULY-4"
        },
        {
          "At": "2026-01-30T13:53:56.7592084+01:00",
          "Message": "Przypisano HULY-3 do: User"
        },
        {
          "At": "2026-01-30T13:53:55.547672+01:00",
          "Message": "Przypisano HULY-3 do: User"
        },
        {
          "At": "2026-01-30T13:53:53.7221654+01:00",
          "Message": "Przypisano HULY-5 do: User"
        },
        {
          "At": "2026-01-30T13:53:53.0104471+01:00",
          "Message": "Przypisano HULY-5 do: User"
        },
        {
          "At": "2026-01-30T13:53:51.6138541+01:00",
          "Message": "Przypisano HULY-5 do: User"
        },
        {
          "At": "2026-01-30T13:53:50.1461769+01:00",
          "Message": "Przypisano HULY-5 do: User"
        },
        {
          "At": "2026-01-30T13:53:48.4987935+01:00",
          "Message": "Przypisano HULY-5 do: User"
        },
        {
          "At": "2026-01-30T13:53:47.8587619+01:00",
          "Message": "Przypisano HULY-3 do: User"
        },
        {
          "At": "2026-01-30T13:53:47.2683627+01:00",
          "Message": "Przypisano HULY-5 do: User"
        },
        {
          "At": "2026-01-30T13:53:46.5695547+01:00",
          "Message": "Przypisano HULY-3 do: User"
        },
        {
          "At": "2026-01-30T13:53:45.9924969+01:00",
          "Message": "Przypisano HULY-5 do: User"
        },
        {
          "At": "2026-01-30T13:53:45.4170277+01:00",
          "Message": "Przypisano HULY-3 do: User"
        },
        {
          "At": "2026-01-30T13:53:44.7978402+01:00",
          "Message": "Przypisano HULY-5 do: User"
        },
        {
          "At": "2026-01-30T13:53:44.1739268+01:00",
          "Message": "Przypisano HULY-3 do: User"
        },
        {
          "At": "2026-01-30T13:53:43.6005185+01:00",
          "Message": "Przypisano HULY-5 do: User"
        },
        {
          "At": "2026-01-30T13:53:42.2442532+01:00",
          "Message": "Przypisano HULY-3 do: User"
        },
        {
          "At": "2026-01-30T13:53:41.7739274+01:00",
          "Message": "Przypisano HULY-5 do: User"
        },
        {
          "At": "2026-01-30T13:53:41.2566444+01:00",
          "Message": "Przypisano HULY-3 do: User"
        },
        {
          "At": "2026-01-30T13:53:40.5113762+01:00",
          "Message": "Przypisano HULY-5 do: User"
        },
        {
          "At": "2026-01-30T13:53:39.8450301+01:00",
          "Message": "Przypisano HULY-3 do: User"
        },
        {
          "At": "2026-01-30T13:53:39.1211172+01:00",
          "Message": "Przypisano HULY-5 do: User"
        },
        {
          "At": "2026-01-30T13:53:36.7164397+01:00",
          "Message": "Przypisano HULY-3 do: User"
        },
        {
          "At": "2026-01-30T13:53:35.2601711+01:00",
          "Message": "Przypisano HULY-5 do: User"
        },
        {
          "At": "2026-01-30T13:53:33.1325874+01:00",
          "Message": "Zmieniono status HULY-3: Backlog \u2192 Todo"
        },
        {
          "At": "2026-01-30T13:53:31.5109596+01:00",
          "Message": "Przypisano HULY-4 do: User"
        },
        {
          "At": "2026-01-30T13:53:30.8819155+01:00",
          "Message": "Przypisano HULY-4 do: User"
        },
        {
          "At": "2026-01-30T13:53:30.2905697+01:00",
          "Message": "Przypisano HULY-4 do: User"
        },
        {
          "At": "2026-01-30T13:53:29.5009268+01:00",
          "Message": "Przypisano HULY-4 do: User"
        },
        {
          "At": "2026-01-30T13:53:26.9010114+01:00",
          "Message": "Zmieniono status HULY-5: Backlog \u2192 Todo"
        },
        {
          "At": "2026-01-20T14:16:16.6089604+01:00",
          "Message": "Zmieniono status HULY-5: Todo \u2192 Backlog"
        },
        {
          "At": "2026-01-20T14:16:15.5313211+01:00",
          "Message": "Zmieniono status HULY-5: InProgress \u2192 Todo"
        },
        {
          "At": "2026-01-20T14:16:14.8682315+01:00",
          "Message": "Zmieniono status HULY-5: Done \u2192 InProgress"
        },
        {
          "At": "2026-01-20T14:15:56.6665575+01:00",
          "Message": "Usuni\u0119to issue ze sprintu: HULY-4"
        },
        {
          "At": "2026-01-20T14:15:56.3080918+01:00",
          "Message": "Dodano HULY-4 do sprintu: Sprint 3"
        },
        {
          "At": "2026-01-20T14:15:53.7618104+01:00",
          "Message": "Dodano HULY-4 do sprintu: sprincior"
        },
        {
          "At": "2026-01-20T14:15:50.3574005+01:00",
          "Message": "Zmieniono status HULY-5: InProgress \u2192 Done"
        },
        {
          "At": "2026-01-20T14:15:49.5344415+01:00",
          "Message": "Zmieniono status HULY-5: Todo \u2192 InProgress"
        },
        {
          "At": "2026-01-20T14:15:45.4232965+01:00",
          "Message": "Zmieniono status HULY-5: Backlog \u2192 Todo"
        },
        {
          "At": "2026-01-20T14:15:43.4914504+01:00",
          "Message": "Dodano Story HULY-5: ZADANIE"
        },
        {
          "At": "2026-01-19T22:45:57.4090935+01:00",
          "Message": "Zmieniono status HULY-2: InProgress \u2192 Done"
        },
        {
          "At": "2026-01-19T22:45:57.1110754+01:00",
          "Message": "Zmieniono status HULY-1: InProgress \u2192 Done"
        },
        {
          "At": "2026-01-19T22:45:56.802833+01:00",
          "Message": "Zmieniono status HULY-3: InProgress \u2192 Done"
        },
        {
          "At": "2026-01-19T22:45:56.1757226+01:00",
          "Message": "Zmieniono status HULY-3: Todo \u2192 InProgress"
        },
        {
          "At": "2026-01-19T22:45:55.4788588+01:00",
          "Message": "Zmieniono status HULY-3: Backlog \u2192 Todo"
        },
        {
          "At": "2026-01-19T22:45:54.8976573+01:00",
          "Message": "Zmieniono status HULY-1: Todo \u2192 InProgress"
        },
        {
          "At": "2026-01-19T22:45:54.0730049+01:00",
          "Message": "Zmieniono status HULY-1: Backlog \u2192 Todo"
        },
        {
          "At": "2026-01-19T22:45:53.1929817+01:00",
          "Message": "Zmieniono status HULY-2: Todo \u2192 InProgress"
        },
        {
          "At": "2026-01-19T22:45:52.3351168+01:00",
          "Message": "Zmieniono status HULY-2: Backlog \u2192 Todo"
        },
        {
          "At": "2026-01-19T22:45:51.4100732+01:00",
          "Message": "Zmieniono status HULY-4: InProgress \u2192 Done"
        },
        {
          "At": "2026-01-19T22:45:50.7019197+01:00",
          "Message": "Zmieniono status HULY-4: Todo \u2192 InProgress"
        },
        {
          "At": "2026-01-19T22:45:44.9067264+01:00",
          "Message": "Usuni\u0119to issue ze sprintu: HULY-2"
        },
        {
          "At": "2026-01-19T22:45:44.4998919+01:00",
          "Message": "Usuni\u0119to issue ze sprintu: HULY-1"
        },
        {
          "At": "2026-01-19T22:45:44.1791022+01:00",
          "Message": "Usuni\u0119to issue ze sprintu: HULY-3"
        },
        {
          "At": "2026-01-19T22:45:42.2289376+01:00",
          "Message": "Usuni\u0119to issue ze sprintu: HULY-3"
        },
        {
          "At": "2026-01-19T22:45:41.9290277+01:00",
          "Message": "Usuni\u0119to issue ze sprintu: HULY-1"
        },
        {
          "At": "2026-01-19T22:45:41.6031867+01:00",
          "Message": "Usuni\u0119to issue ze sprintu: HULY-2"
        },
        {
          "At": "2026-01-19T22:45:41.3842847+01:00",
          "Message": "Usuni\u0119to issue ze sprintu: HULY-2"
        },
        {
          "At": "2026-01-19T22:45:41.1920607+01:00",
          "Message": "Usuni\u0119to issue ze sprintu: HULY-2"
        },
        {
          "At": "2026-01-19T22:45:41.0040973+01:00",
          "Message": "Usuni\u0119to issue ze sprintu: HULY-2"
        },
        {
          "At": "2026-01-19T22:45:40.8040982+01:00",
          "Message": "Usuni\u0119to issue ze sprintu: HULY-2"
        },
        {
          "At": "2026-01-19T22:45:40.4009096+01:00",
          "Message": "Usuni\u0119to issue ze sprintu: HULY-2"
        },
        {
          "At": "2026-01-19T22:45:39.9902153+01:00",
          "Message": "Usuni\u0119to issue ze sprintu: HULY-1"
        },
        {
          "At": "2026-01-19T22:45:39.495866+01:00",
          "Message": "Usuni\u0119to issue ze sprintu: HULY-2"
        },
        {
          "At": "2026-01-19T22:45:39.1417316+01:00",
          "Message": "Usuni\u0119to issue ze sprintu: HULY-3"
        },
        {
          "At": "2026-01-19T22:44:50.203265+01:00",
          "Message": "Zmieniono status HULY-4: Backlog \u2192 Todo"
        },
        {
          "At": "2026-01-19T22:44:50.2020134+01:00",
          "Message": "Przypisano HULY-4 do: Stab"
        },
        {
          "At": "2026-01-19T22:35:32.3700682+01:00",
          "Message": "Zmieniono status HULY-3: Todo \u2192 Backlog"
        },
        {
          "At": "2026-01-19T22:35:31.4262555+01:00",
          "Message": "Zmieniono status HULY-3: Backlog \u2192 Todo"
        },
        {
          "At": "2026-01-19T22:26:35.8994915+01:00",
          "Message": "Zmieniono status HULY-2: Todo \u2192 InProgress"
        },
        {
          "At": "2026-01-19T22:26:35.4806527+01:00",
          "Message": "Zmieniono status HULY-3: Todo \u2192 InProgress"
        },
        {
          "At": "2026-01-19T22:26:29.4392887+01:00",
          "Message": "Zmieniono status HULY-3: Backlog \u2192 Todo"
        },
        {
          "At": "2026-01-19T22:26:28.8460658+01:00",
          "Message": "Zmieniono status HULY-2: Backlog \u2192 Todo"
        },
        {
          "At": "2026-01-19T22:26:11.5623095+01:00",
          "Message": "Dodano HULY-4 do sprintu: Sprint 3"
        },
        {
          "At": "2026-01-19T22:26:09.0351717+01:00",
          "Message": "Dodano HULY-3 do sprintu: sprincior"
        },
        {
          "At": "2026-01-19T22:26:06.6870482+01:00",
          "Message": "Dodano HULY-2 do sprintu: sprincior"
        },
        {
          "At": "2026-01-19T22:25:58.9154002+01:00",
          "Message": "Uruchomiono sprint ID=2"
        },
        {
          "At": "2026-01-19T22:25:56.4472899+01:00",
          "Message": "Zamkni\u0119to sprint: Kurwa sprincior"
        },
        {
          "At": "2026-01-19T22:25:47.9255326+01:00",
          "Message": "Dodano sprint: Sprint 3"
        },
        {
          "At": "2026-01-19T22:25:40.4961015+01:00",
          "Message": "Zamkni\u0119to sprint: Kurwa sprincior"
        },
        {
          "At": "2026-01-19T22:25:38.0205981+01:00",
          "Message": "Dodano sprint: sprincior"
        },
        {
          "At": "2026-01-19T22:25:24.3611293+01:00",
          "Message": "Dodano Task HULY-4: dsadsadsa"
        },
        {
          "At": "2026-01-19T22:25:16.7678959+01:00",
          "Message": "Dodano Task HULY-3: dsadsa"
        },
        {
          "At": "2026-01-19T22:25:09.8626298+01:00",
          "Message": "Dodano Bug HULY-2: dsa"
        },
        {
          "At": "2026-01-19T22:25:02.7445153+01:00",
          "Message": "Zmieniono status HULY-1: Backlog \u2192 Todo"
        },
        {
          "At": "2026-01-19T22:25:01.6627088+01:00",
          "Message": "Dodano HULY-1 do sprintu: Kurwa sprincior"
        },
        {
          "At": "2026-01-19T22:25:01.2140773+01:00",
          "Message": "Dodano HULY-1 do sprintu: Kurwa sprincior"
        },
        {
          "At": "2026-01-19T22:25:00.4307712+01:00",
          "Message": "Dodano HULY-1 do sprintu: Kurwa sprincior"
        },
        {
          "At": "2026-01-19T22:24:59.4464203+01:00",
          "Message": "Usuni\u0119to issue ze sprintu: HULY-1"
        },
        {
          "At": "2026-01-19T22:24:44.7778898+01:00",
          "Message": "Dodano sprint: Kurwa sprincior"
        },
        {
          "At": "2026-01-19T22:24:19.7277413+01:00",
          "Message": "Zmieniono status HULY-1: Todo \u2192 Backlog"
        },
        {
          "At": "2026-01-19T22:24:15.3319408+01:00",
          "Message": "Zmieniono status HULY-1: Backlog \u2192 Todo"
        },
        {
          "At": "2026-01-19T22:24:14.6861325+01:00",
          "Message": "Usuni\u0119to issue ze sprintu: HULY-1"
        },
        {
          "At": "2026-01-19T22:24:09.0073786+01:00",
          "Message": "Zmieniono status HULY-1: Todo \u2192 Backlog"
        },
        {
          "At": "2026-01-19T22:24:08.0751398+01:00",
          "Message": "Zmieniono status HULY-1: InProgress \u2192 Todo"
        },
        {
          "At": "2026-01-19T22:24:07.3017797+01:00",
          "Message": "Zmieniono status HULY-1: Done \u2192 InProgress"
        },
        {
          "At": "2026-01-19T22:24:06.5523179+01:00",
          "Message": "Zmieniono status HULY-1: InProgress \u2192 Done"
        },
        {
          "At": "2026-01-19T22:24:05.6808763+01:00",
          "Message": "Zmieniono status HULY-1: Todo \u2192 InProgress"
        },
        {
          "At": "2026-01-19T22:24:04.6552703+01:00",
          "Message": "Zmieniono status HULY-1: Backlog \u2192 Todo"
        },
        {
          "At": "2026-01-19T22:24:03.6864836+01:00",
          "Message": "Zmieniono status HULY-1: Todo \u2192 Backlog"
        },
        {
          "At": "2026-01-19T22:24:02.4979515+01:00",
          "Message": "Zmieniono status HULY-1: Backlog \u2192 Todo"
        },
        {
          "At": "2026-01-19T22:17:01.055863+01:00",
          "Message": "Przypisano HULY-1 do: User"
        },
        {
          "At": "2026-01-19T22:16:59.9481558+01:00",
          "Message": "Zmieniono status HULY-1: InProgress \u2192 Done"
        },
        {
          "At": "2026-01-19T22:16:59.2047955+01:00",
          "Message": "Zmieniono status HULY-1: Todo \u2192 InProgress"
        },
        {
          "At": "2026-01-19T22:16:58.3639635+01:00",
          "Message": "Zmieniono status HULY-1: Backlog \u2192 Todo"
        },
        {
          "At": "2026-01-19T22:16:36.681194+01:00",
          "Message": "Zmieniono status HULY-1: Todo \u2192 Backlog"
        },
        {
          "At": "2026-01-19T22:16:35.9447981+01:00",
          "Message": "Zmieniono status HULY-1: InProgress \u2192 Todo"
        },
        {
          "At": "2026-01-19T22:16:35.2085245+01:00",
          "Message": "Zmieniono status HULY-1: Done \u2192 InProgress"
        },
        {
          "At": "2026-01-19T22:16:34.4938256+01:00",
          "Message": "Przypisano HULY-1 do: User"
        },
        {
          "At": "2026-01-19T22:16:34.3331419+01:00",
          "Message": "Przypisano HULY-1 do: User"
        },
        {
          "At": "2026-01-19T22:16:33.6873819+01:00",
          "Message": "Przypisano HULY-1 do: User"
        },
        {
          "At": "2026-01-19T22:16:33.0751027+01:00",
          "Message": "Zmieniono status HULY-1: InProgress \u2192 Done"
        },
        {
          "At": "2026-01-19T22:16:32.1297308+01:00",
          "Message": "Zmieniono status HULY-1: Todo \u2192 InProgress"
        },
        {
          "At": "2026-01-19T22:16:31.0237889+01:00",
          "Message": "Zmieniono status HULY-1: Backlog \u2192 Todo"
        },
        {
          "At": "2026-01-19T22:16:30.2748934+01:00",
          "Message": "Przypisano HULY-1 do: User"
        },
        {
          "At": "2026-01-19T22:16:28.6267526+01:00",
          "Message": "Dodano Story HULY-1: h"
        }
      ]
    }
  ]
}