{
  "Id": 1,
  "Name": "Workspace",
  "Projects": [
    {
      "Id": 1,
      "Name": "Mini-Huly",
      "KeyPrefix": "HULY",
      "NextIssueNumber": 5,
      "Issues": [
        {
          "$type": "story",
          "StoryPoints": 1,
          "Id": 1,
          "Key": "HULY-1",
          "Title": "",
          "Description": null,
          "Status": 0,
          "Priority": 1,
          "Assignee": null,
          "SprintId": null,
          "CreatedAt": "2026-01-30T20:59:14.3452776+01:00",
          "UpdatedAt": "2026-01-30T21:33:18.7035137+01:00"
        },
        {
          "$type": "bug",
          "Severity": 1,
          "Id": 2,
          "Key": "HULY-2",
          "Title": "",
          "Description": null,
          "Status": 0,
          "Priority": 1,
          "Assignee": null,
          "SprintId": null,
          "CreatedAt": "2026-01-30T20:59:48.4874434+01:00",
          "UpdatedAt": "2026-01-30T21:33:18.7066161+01:00"
        },
        {
          "$type": "task",
          "EstimatedHours": 1,
          "Id": 3,
          "Key": "HULY-3",
          "Title": "",
          "Description": null,
          "Status": 0,
          "Priority": 1,
          "Assignee": null,
          "SprintId": null,
          "CreatedAt": "2026-01-30T21:00:15.5437148+01:00",
          "UpdatedAt": "2026-01-30T21:33:18.7077226+01:00"
        },
        {
          "$type": "story",
          "StoryPoints": 1,
          "Id": 4,
          "Key": "HULY-4",
          "Title": "",
          "Description": null,
          "Status": 0,
          "Priority": 1,
          "Assignee": null,
          "SprintId": null,
          "CreatedAt": "2026-01-30T21:04:33.0852431+01:00",
          "UpdatedAt": "2026-01-30T21:33:18.7077433+01:00"
        }
      ],
      "Sprints": [
        {
          "Id": 1,
          "Name": "Sprint 1",
          "StartDate": "2026-01-30T00:00:00+01:00",
          "EndDate": "2026-02-13T00:00:00+01:00",
          "State": 2,
          "IssueIds": [
            3,
            2
          ]
        },
        {
          "Id": 2,
          "Name": "Sprint 2",
          "StartDate": "2026-01-30T00:00:00+01:00",
          "EndDate": "2026-02-13T00:00:00+01:00",
          "State": 2,
          "IssueIds": [
            3,
            4
          ]
        },
        {
          "Id": 3,
          "Name": "Sprint 3",
          "StartDate": "2026-02-13T00:00:00",
          "EndDate": "2026-02-27T00:00:00",
          "State": 0,
          "IssueIds": []
        }
      ],
      "Activity": [
        {
          "At": "2026-01-30T21:06:15.8856082+01:00",
          "Message": "Zamkni\u0119to sprint: Sprint 2"
        },
        {
          "At": "2026-01-30T21:06:13.5447067+01:00",
          "Message": "Uruchomiono sprint ID=2"
        },
        {
          "At": "2026-01-30T21:06:04.3257983+01:00",
          "Message": "Zmieniono status HULY-2: Todo \u2192 InProgress"
        },
        {
          "At": "2026-01-30T21:06:02.4442934+01:00",
          "Message": "Zmieniono status HULY-2: InProgress \u2192 Todo"
        },
        {
          "At": "2026-01-30T21:05:57.4904939+01:00",
          "Message": "Zmieniono status HULY-4: InProgress \u2192 Done"
        },
        {
          "At": "2026-01-30T21:05:53.3778378+01:00",
          "Message": "Zmieniono status HULY-4: Todo \u2192 InProgress"
        },
        {
          "At": "2026-01-30T21:05:49.3645368+01:00",
          "Message": "Zmieniono status HULY-4: Backlog \u2192 Todo"
        },
        {
          "At": "2026-01-30T21:05:45.4386179+01:00",
          "Message": "Dodano HULY-4 do sprintu: Sprint 2"
        },
        {
          "At": "2026-01-30T21:05:35.4666682+01:00",
          "Message": "Zmieniono status HULY-4: Todo \u2192 Backlog"
        },
        {
          "At": "2026-01-30T21:05:34.3808364+01:00",
          "Message": "Zmieniono status HULY-4: InProgress \u2192 Todo"
        },
        {
          "At": "2026-01-30T21:05:31.8495728+01:00",
          "Message": "Zmieniono status HULY-3: Todo \u2192 InProgress"
        },
        {
          "At": "2026-01-30T21:05:30.0462021+01:00",
          "Message": "Zmieniono status HULY-3: Backlog \u2192 Todo"
        },
        {
          "At": "2026-01-30T21:05:18.2604464+01:00",
          "Message": "Dodano HULY-3 do sprintu: Sprint 2"
        },
        {
          "At": "2026-01-30T21:05:06.9925043+01:00",
          "Message": "Dodano sprint: Sprint 3"
        },
        {
          "At": "2026-01-30T21:04:54.3733702+01:00",
          "Message": "Dodano sprint: Sprint 2"
        },
        {
          "At": "2026-01-30T21:04:44.5983254+01:00",
          "Message": "Zmieniono status HULY-3: Todo \u2192 Backlog"
        },
        {
          "At": "2026-01-30T21:04:43.6482315+01:00",
          "Message": "Zmieniono status HULY-3: InProgress \u2192 Todo"
        },
        {
          "At": "2026-01-30T21:04:41.9855949+01:00",
          "Message": "Zmieniono status HULY-4: Done \u2192 InProgress"
        },
        {
          "At": "2026-01-30T21:04:37.3939337+01:00",
          "Message": "Zmieniono status HULY-4: InProgress \u2192 Done"
        },
        {
          "At": "2026-01-30T21:04:35.6068243+01:00",
          "Message": "Zmieniono status HULY-4: Todo \u2192 InProgress"
        },
        {
          "At": "2026-01-30T21:04:34.6433587+01:00",
          "Message": "Zmieniono status HULY-4: Backlog \u2192 Todo"
        },
        {
          "At": "2026-01-30T21:04:33.0852941+01:00",
          "Message": "Dodano Story HULY-4: Dodawanie produktu"
        },
        {
          "At": "2026-01-30T21:03:54.1969111+01:00",
          "Message": "Zamkni\u0119to sprint: Sprint 1"
        },
        {
          "At": "2026-01-30T21:03:22.3478515+01:00",
          "Message": "Przypisano HULY-1 do: User"
        },
        {
          "At": "2026-01-30T21:03:19.9864598+01:00",
          "Message": "Zmieniono status HULY-1: InProgress \u2192 Done"
        },
        {
          "At": "2026-01-30T21:03:19.209804+01:00",
          "Message": "Przypisano HULY-1 do: User"
        },
        {
          "At": "2026-01-30T21:02:52.4642056+01:00",
          "Message": "Zmieniono status HULY-1: Todo \u2192 InProgress"
        },
        {
          "At": "2026-01-30T21:02:51.5749476+01:00",
          "Message": "Zmieniono status HULY-3: Todo \u2192 InProgress"
        },
        {
          "At": "2026-01-30T21:02:50.901646+01:00",
          "Message": "Zmieniono status HULY-2: Todo \u2192 InProgress"
        },
        {
          "At": "2026-01-30T21:02:28.7793511+01:00",
          "Message": "Zmieniono status HULY-2: Backlog \u2192 Todo"
        },
        {
          "At": "2026-01-30T21:02:26.6068633+01:00",
          "Message": "Zmieniono status HULY-3: Backlog \u2192 Todo"
        },
        {
          "At": "2026-01-30T21:02:12.063717+01:00",
          "Message": "Zmieniono status HULY-1: Backlog \u2192 Todo"
        },
        {
          "At": "2026-01-30T21:02:09.552269+01:00",
          "Message": "Dodano HULY-2 do sprintu: Sprint 1"
        },
        {
          "At": "2026-01-30T21:02:03.9561745+01:00",
          "Message": "Dodano HULY-3 do sprintu: Sprint 1"
        },
        {
          "At": "2026-01-30T21:02:02.9139631+01:00",
          "Message": "Usuni\u0119to issue ze sprintu: HULY-3"
        },
        {
          "At": "2026-01-30T21:01:49.7425455+01:00",
          "Message": "Dodano HULY-3 do sprintu: Sprint 1"
        },
        {
          "At": "2026-01-30T21:01:46.5163294+01:00",
          "Message": "Dodano HULY-3 do sprintu: Sprint 1"
        },
        {
          "At": "2026-01-30T21:01:25.7001887+01:00",
          "Message": "Dodano sprint: Sprint 1"
        },
        {
          "At": "2026-01-30T21:00:15.5437955+01:00",
          "Message": "Dodano Task HULY-3: Poprawa UI"
        },
        {
          "At": "2026-01-30T20:59:48.4882153+01:00",
          "Message": "Dodano Bug HULY-2: B\u0142\u0105d zapisu do JSON"
        },
        {
          "At": "2026-01-30T20:59:14.3464491+01:00",
          "Message": "Dodano Story HULY-1: Logowanie"
        }
      ]
    }
  ]
}